{"version":null,"displayName":"Bitbucket2","type":"scm","logo":"bitbucket.png","logoSmall":"bitbucket-small.png","metadata":[{"name":"Issue Type","dependent":false,"dependentMetadata":null,"values":[{"id":"Commit","name":"Commit","attributeName":null,"referenceType":null,"dependents":null,"regex":false}]}],"fields":[{"id":"pullrequest.participants","name":"Participants","datatype":"string","values":null},{"id":"repository.name","name":"Name","datatype":"String","values":null},{"id":"repository.project.name","name":"Project","datatype":"string","values":null},{"id":"pullrequest.reviewers","name":"Reviewers","datatype":"string","values":null},{"id":"pullrequest.closed_by","name":"Closed By","datatype":"string","values":null},{"id":"pullrequest.updated_on","name":"Updated On","datatype":"datetime","values":null},{"id":"repository.owner.display_name","name":"author","datatype":"string","values":null},{"id":"pullrequest.destination.commit.hash","name":"ID","datatype":"string","values":null},{"id":"pullrequest.reason","name":"Reason","datatype":"string","values":null},{"id":"repository.uuid","name":"Repo ID","datatype":"string","values":null},{"id":"pullrequest.type","name":"Type","datatype":"string","values":null},{"id":"repository.scm","name":"SCM","datatype":"string","values":null},{"id":"pullrequest.created_on","name":"Created On","datatype":"datetime","values":null},{"id":"pullrequest.rendered.title.raw","name":"Title","datatype":"string","values":null},{"id":"pullrequest.state","name":"State","datatype":"string","values":null},{"id":"pullrequest.destination.branch.name","name":"Branch","datatype":"string","values":null}],"loginOptions":[],"idFieldName":"pullrequest.destination.commit.hash","titleFieldName":"pullrequest.rendered.title.raw","projectFieldName":"","artifactFieldName":"","testStepsFieldName":"","changedDateFieldName":"pullrequest.updated_on","dateFormat":"yyyy-MM-dd","dateTimeFormat":"yyyy-MM-dd'T'HH:mm:ss.SSSSSSXXX","queryDateFormat":"","isISO8601DateFormat":"true","commentFieldName":"","commentFieldId":"","attachmentFieldName":"","attachmentFieldId":"","apiVersion":"1.0","callBackUrlConfigured":false,"callBackUrls":[],"apiProvider":"ConnectALL","applicationType":null,"urlDescription":"","userNameDescription":"","passwordDescription":"","paginationSupported":false,"paginationAttributes":null,"status":"Active","active":true}